<?xml version='1.0' encoding='UTF-8' standalone='yes'?>
<odoo>
  <!--    <data noupdate="0"></data> -->
  <data noupdate="1">
    <record id="report_excel_42" model="report.excel">
      <field name="out_file_name">('Commercial_Invoice' if obj.name != '/' else 'Draft Invoice') + ('_' + obj.partner_id.display_name if obj.partner_id.display_name else '') + ('_' + obj.name if obj.name else '') + ('_' + datetime.strftime(obj.invoice_date, "%d-%m-%Y") if obj.invoice_date else '')</field>
      <field name="name">Commercial Invoice (XLSX)</field>
      <field name="sheet_reference">Commercial Invoice</field>
      <field name="description">Commercial Invoice  (XLSX)</field>
      <field name="description_report">Commercial Invoice 
</field>
      <field name="root_model_id" model="report.excel" eval="obj().env['ir.model'].search([('model', '=', 'account.move')], limit=1).id"/>
    </record>
    <record id="report_excel_template_attachment_531" model="ir.attachment">
      <field name="name">commercial-invoice_template_example.xlsx</field>
      <field name="type">binary</field>
      <field name="datas" type="base64" file="report_excel_commercial_invoice/static/template/commercial-invoice_template_example.xlsx"/>
      <field name="res_id" ref="report_excel_42"/>
      <field name="res_model">report.excel</field>
    </record>
    <record id="report_excel_template_attachment_530" model="ir.attachment">
      <field name="name">commercial-invoice_template.xlsx</field>
      <field name="type">binary</field>
      <field name="datas" type="base64" file="report_excel_commercial_invoice/static/template/commercial-invoice_template.xlsx"/>
      <field name="res_id" ref="report_excel_42"/>
      <field name="res_model">report.excel</field>
    </record>
    <record id="report_excel_section_58" model="report.excel.section">
      <field name="report_excel_id" ref="report_excel_42"/>
      <field name="root_model_id" model="report.excel.section" eval="obj().env['ir.model'].search([('model', '=', 'account.move')], limit=1).id"/>
      <field name="sequence">10</field>
      <field name="name">Section 1 - Invoice Header, Footer</field>
      <field name="parent_id" eval="[]"/>
      <field name="type_data">data_line</field>
      <field name="level" eval="0"/>
      <field name="root_model_related_field_id" eval="[]"/>
      <field name="root_model_name">account.move</field>
      <field name="check_root_model">True</field>
      <field name="section" eval="False"/>
      <field name="section_level">1</field>
      <field name="section_start">A1</field>
      <field name="section_end">S55</field>
      <field name="domain">[]</field>
      <field name="description"></field>
    </record>
    <record id="report_excel_fields_537" model="report.excel.fields">
      <field name="sequence">100</field>
      <field name="cell">A4</field>
      <field name="report_excel_section_id" ref="report_excel_section_58"/>
      <field name="group_by" eval="False"/>
      <field name="aggregate" eval="False"/>
      <field name="aggregate_id" eval="[]"/>
      <field name="having_operator" eval="False"/>
      <field name="having_selection">value</field>
      <field name="having_param_id" eval="[]"/>
      <field name="having_value_type">float</field>
      <field name="having_value_float" eval="0.0"/>
      <field name="having_value_date" eval="False"/>
      <field name="having_value_datetime" eval="False"/>
      <field name="sort_by" eval="False"/>
      <field name="formula" eval="False"/>
      <field name="formulas"># Help with Python expressions 

# The following variables can be used:
#  - uid: is the current user’s database id
#  - user: is the current user’s record
#  - date, datetime, dateutil: useful Python libraries 
#  - param(parameter_code): Report Parameter, for example  param(Parameter1_start_date)
#  - cell(CELL_COORDINATE): Excel Cell of the current Section,  for example  cell(A7) 

# Note: returned value have to be set in the variable 'result' 

# Example of Python code:
# if (cell(A7) == "out_invoice"):
#   result = cell(H7) * -1
# else:
#   result = cell(H7) </field>
      <field name="check_root_model">True</field>
      <field name="root_model_id" model="report.excel.fields" eval="obj().env['ir.model'].search([('model', '=', 'account.move')], limit=1).id"/>
      <field name="root_model_name">account.move</field>
      <field name="model_field_selector">company_id</field>
      <field name="field_type">many2one</field>
      <field name="image_bool" eval="False"/>
      <field name="colOff" eval="0"/>
      <field name="rowOff" eval="0"/>
      <field name="cx">1500000</field>
      <field name="cy">1500000</field>
      <field name="description" eval="False"/>
    </record>
    <record id="report_excel_fields_538" model="report.excel.fields">
      <field name="sequence">102</field>
      <field name="cell">A5</field>
      <field name="report_excel_section_id" ref="report_excel_section_58"/>
      <field name="group_by" eval="False"/>
      <field name="aggregate" eval="False"/>
      <field name="aggregate_id" eval="[]"/>
      <field name="having_operator" eval="False"/>
      <field name="having_selection">value</field>
      <field name="having_param_id" eval="[]"/>
      <field name="having_value_type">float</field>
      <field name="having_value_float" eval="0.0"/>
      <field name="having_value_date" eval="False"/>
      <field name="having_value_datetime" eval="False"/>
      <field name="sort_by" eval="False"/>
      <field name="formula">True</field>
      <field name="formulas">result = cell(A5) + ' ' + cell(O41) +'\n' + cell(P41) + ' '  + cell(N7) + ' '  + cell(R41) +'\n' + cell(S41)</field>
      <field name="check_root_model">True</field>
      <field name="root_model_id" model="report.excel.fields" eval="obj().env['ir.model'].search([('model', '=', 'account.move')], limit=1).id"/>
      <field name="root_model_name">account.move</field>
      <field name="model_field_selector">company_id.street</field>
      <field name="field_type">char</field>
      <field name="image_bool" eval="False"/>
      <field name="colOff" eval="0"/>
      <field name="rowOff" eval="0"/>
      <field name="cx">1500000</field>
      <field name="cy">1500000</field>
      <field name="description"></field>
    </record>
    <record id="report_excel_fields_539" model="report.excel.fields">
      <field name="sequence">103</field>
      <field name="cell">A8</field>
      <field name="report_excel_section_id" ref="report_excel_section_58"/>
      <field name="group_by" eval="False"/>
      <field name="aggregate" eval="False"/>
      <field name="aggregate_id" eval="[]"/>
      <field name="having_operator" eval="False"/>
      <field name="having_selection">value</field>
      <field name="having_param_id" eval="[]"/>
      <field name="having_value_type">float</field>
      <field name="having_value_float" eval="0.0"/>
      <field name="having_value_date" eval="False"/>
      <field name="having_value_datetime" eval="False"/>
      <field name="sort_by" eval="False"/>
      <field name="formula" eval="False"/>
      <field name="formulas"># Help with Python expressions 

# The following variables can be used:
#  - uid: is the current user’s database id
#  - user: is the current user’s record
#  - date, datetime, dateutil: useful Python libraries 
#  - param(parameter_code): Report Parameter, for example  param(Parameter1_start_date)
#  - cell(CELL_COORDINATE): Excel Cell of the current Section,  for example  cell(A7) 

# Note: returned value have to be set in the variable 'result' 

# Example of Python code:
# if (cell(A7) == "out_invoice"):
#   result = cell(H7) * -1
# else:
#   result = cell(H7) </field>
      <field name="check_root_model">True</field>
      <field name="root_model_id" model="report.excel.fields" eval="obj().env['ir.model'].search([('model', '=', 'account.move')], limit=1).id"/>
      <field name="root_model_name">account.move</field>
      <field name="model_field_selector">company_id.phone</field>
      <field name="field_type">char</field>
      <field name="image_bool" eval="False"/>
      <field name="colOff" eval="0"/>
      <field name="rowOff" eval="0"/>
      <field name="cx">1500000</field>
      <field name="cy">1500000</field>
      <field name="description" eval="False"/>
    </record>
    <record id="report_excel_fields_540" model="report.excel.fields">
      <field name="sequence">104</field>
      <field name="cell">A9</field>
      <field name="report_excel_section_id" ref="report_excel_section_58"/>
      <field name="group_by" eval="False"/>
      <field name="aggregate" eval="False"/>
      <field name="aggregate_id" eval="[]"/>
      <field name="having_operator" eval="False"/>
      <field name="having_selection">value</field>
      <field name="having_param_id" eval="[]"/>
      <field name="having_value_type">float</field>
      <field name="having_value_float" eval="0.0"/>
      <field name="having_value_date" eval="False"/>
      <field name="having_value_datetime" eval="False"/>
      <field name="sort_by" eval="False"/>
      <field name="formula" eval="False"/>
      <field name="formulas"># Help with Python expressions 

# The following variables can be used:
#  - uid: is the current user’s database id
#  - user: is the current user’s record
#  - date, datetime, dateutil: useful Python libraries 
#  - param(parameter_code): Report Parameter, for example  param(Parameter1_start_date)
#  - cell(CELL_COORDINATE): Excel Cell of the current Section,  for example  cell(A7) 

# Note: returned value have to be set in the variable 'result' 

# Example of Python code:
# if (cell(A7) == "out_invoice"):
#   result = cell(H7) * -1
# else:
#   result = cell(H7) </field>
      <field name="check_root_model">True</field>
      <field name="root_model_id" model="report.excel.fields" eval="obj().env['ir.model'].search([('model', '=', 'account.move')], limit=1).id"/>
      <field name="root_model_name">account.move</field>
      <field name="model_field_selector">company_id.email</field>
      <field name="field_type">char</field>
      <field name="image_bool" eval="False"/>
      <field name="colOff" eval="0"/>
      <field name="rowOff" eval="0"/>
      <field name="cx">1500000</field>
      <field name="cy">1500000</field>
      <field name="description" eval="False"/>
    </record>
    <record id="report_excel_fields_541" model="report.excel.fields">
      <field name="sequence">105</field>
      <field name="cell">N7</field>
      <field name="report_excel_section_id" ref="report_excel_section_58"/>
      <field name="group_by" eval="False"/>
      <field name="aggregate" eval="False"/>
      <field name="aggregate_id" eval="[]"/>
      <field name="having_operator" eval="False"/>
      <field name="having_selection">value</field>
      <field name="having_param_id" eval="[]"/>
      <field name="having_value_type">float</field>
      <field name="having_value_float" eval="0.0"/>
      <field name="having_value_date" eval="False"/>
      <field name="having_value_datetime" eval="False"/>
      <field name="sort_by" eval="False"/>
      <field name="formula" eval="False"/>
      <field name="formulas"># Help with Python expressions 

# The following variables can be used:
#  - uid: is the current user’s database id
#  - user: is the current user’s record
#  - date, datetime, dateutil: useful Python libraries 
#  - param(parameter_code): Report Parameter, for example  param(Parameter1_start_date)
#  - cell(CELL_COORDINATE): Excel Cell of the current Section,  for example  cell(A7) 

# Note: returned value have to be set in the variable 'result' 

# Example of Python code:
# if (cell(A7) == "out_invoice"):
#   result = cell(H7) * -1
# else:
#   result = cell(H7) </field>
      <field name="check_root_model">True</field>
      <field name="root_model_id" model="report.excel.fields" eval="obj().env['ir.model'].search([('model', '=', 'account.move')], limit=1).id"/>
      <field name="root_model_name">account.move</field>
      <field name="model_field_selector">company_id.state_id.code</field>
      <field name="field_type">char</field>
      <field name="image_bool" eval="False"/>
      <field name="colOff" eval="0"/>
      <field name="rowOff" eval="0"/>
      <field name="cx">1500000</field>
      <field name="cy">1500000</field>
      <field name="description" eval="False"/>
    </record>
    <record id="report_excel_fields_542" model="report.excel.fields">
      <field name="sequence">106</field>
      <field name="cell">G7</field>
      <field name="report_excel_section_id" ref="report_excel_section_58"/>
      <field name="group_by" eval="False"/>
      <field name="aggregate" eval="False"/>
      <field name="aggregate_id" eval="[]"/>
      <field name="having_operator" eval="False"/>
      <field name="having_selection">value</field>
      <field name="having_param_id" eval="[]"/>
      <field name="having_value_type">date</field>
      <field name="having_value_float" eval="0.0"/>
      <field name="having_value_date" eval="False"/>
      <field name="having_value_datetime" eval="False"/>
      <field name="sort_by" eval="False"/>
      <field name="formula" eval="False"/>
      <field name="formulas"># Help with Python expressions 

# The following variables can be used:
#  - uid: is the current user’s database id
#  - user: is the current user’s record
#  - date, datetime, dateutil: useful Python libraries 
#  - param(parameter_code): Report Parameter, for example  param(Parameter1_start_date)
#  - cell(CELL_COORDINATE): Excel Cell of the current Section,  for example  cell(A7) 

# Note: returned value have to be set in the variable 'result' 

# Example of Python code:
# if (cell(A7) == "out_invoice"):
#   result = cell(H7) * -1
# else:
#   result = cell(H7) </field>
      <field name="check_root_model">True</field>
      <field name="root_model_id" model="report.excel.fields" eval="obj().env['ir.model'].search([('model', '=', 'account.move')], limit=1).id"/>
      <field name="root_model_name">account.move</field>
      <field name="model_field_selector">invoice_date</field>
      <field name="field_type">date</field>
      <field name="image_bool" eval="False"/>
      <field name="colOff" eval="0"/>
      <field name="rowOff" eval="0"/>
      <field name="cx">1500000</field>
      <field name="cy">1500000</field>
      <field name="description" eval="False"/>
    </record>
    <record id="report_excel_fields_543" model="report.excel.fields">
      <field name="sequence">107</field>
      <field name="cell">G9</field>
      <field name="report_excel_section_id" ref="report_excel_section_58"/>
      <field name="group_by" eval="False"/>
      <field name="aggregate" eval="False"/>
      <field name="aggregate_id" eval="[]"/>
      <field name="having_operator" eval="False"/>
      <field name="having_selection">value</field>
      <field name="having_param_id" eval="[]"/>
      <field name="having_value_type">float</field>
      <field name="having_value_float" eval="0.0"/>
      <field name="having_value_date" eval="False"/>
      <field name="having_value_datetime" eval="False"/>
      <field name="sort_by" eval="False"/>
      <field name="formula" eval="False"/>
      <field name="formulas"># Help with Python expressions 

# The following variables can be used:
#  - uid: is the current user’s database id
#  - user: is the current user’s record
#  - date, datetime, dateutil: useful Python libraries 
#  - param(parameter_code): Report Parameter, for example  param(Parameter1_start_date)
#  - cell(CELL_COORDINATE): Excel Cell of the current Section,  for example  cell(A7) 

# Note: returned value have to be set in the variable 'result' 

# Example of Python code:
# if (cell(A7) == "out_invoice"):
#   result = cell(H7) * -1
# else:
#   result = cell(H7) </field>
      <field name="check_root_model">True</field>
      <field name="root_model_id" model="report.excel.fields" eval="obj().env['ir.model'].search([('model', '=', 'account.move')], limit=1).id"/>
      <field name="root_model_name">account.move</field>
      <field name="model_field_selector">name</field>
      <field name="field_type">char</field>
      <field name="image_bool" eval="False"/>
      <field name="colOff" eval="0"/>
      <field name="rowOff" eval="0"/>
      <field name="cx">1500000</field>
      <field name="cy">1500000</field>
      <field name="description" eval="False"/>
    </record>
    <record id="report_excel_fields_544" model="report.excel.fields">
      <field name="sequence">108</field>
      <field name="cell">B12</field>
      <field name="report_excel_section_id" ref="report_excel_section_58"/>
      <field name="group_by" eval="False"/>
      <field name="aggregate" eval="False"/>
      <field name="aggregate_id" eval="[]"/>
      <field name="having_operator" eval="False"/>
      <field name="having_selection">value</field>
      <field name="having_param_id" eval="[]"/>
      <field name="having_value_type">float</field>
      <field name="having_value_float" eval="0.0"/>
      <field name="having_value_date" eval="False"/>
      <field name="having_value_datetime" eval="False"/>
      <field name="sort_by" eval="False"/>
      <field name="formula" eval="False"/>
      <field name="formulas"># Help with Python expressions 

# The following variables can be used:
#  - uid: is the current user’s database id
#  - user: is the current user’s record
#  - date, datetime, dateutil: useful Python libraries 
#  - param(parameter_code): Report Parameter, for example  param(Parameter1_start_date)
#  - cell(CELL_COORDINATE): Excel Cell of the current Section,  for example  cell(A7) 

# Note: returned value have to be set in the variable 'result' 

# Example of Python code:
# if (cell(A7) == "out_invoice"):
#   result = cell(H7) * -1
# else:
#   result = cell(H7) </field>
      <field name="check_root_model">True</field>
      <field name="root_model_id" model="report.excel.fields" eval="obj().env['ir.model'].search([('model', '=', 'account.move')], limit=1).id"/>
      <field name="root_model_name">account.move</field>
      <field name="model_field_selector">company_id.name</field>
      <field name="field_type">char</field>
      <field name="image_bool" eval="False"/>
      <field name="colOff" eval="0"/>
      <field name="rowOff" eval="0"/>
      <field name="cx">1500000</field>
      <field name="cy">1500000</field>
      <field name="description" eval="False"/>
    </record>
    <record id="report_excel_fields_545" model="report.excel.fields">
      <field name="sequence">110</field>
      <field name="cell">H12</field>
      <field name="report_excel_section_id" ref="report_excel_section_58"/>
      <field name="group_by" eval="False"/>
      <field name="aggregate" eval="False"/>
      <field name="aggregate_id" eval="[]"/>
      <field name="having_operator" eval="False"/>
      <field name="having_selection">value</field>
      <field name="having_param_id" eval="[]"/>
      <field name="having_value_type">float</field>
      <field name="having_value_float" eval="0.0"/>
      <field name="having_value_date" eval="False"/>
      <field name="having_value_datetime" eval="False"/>
      <field name="sort_by" eval="False"/>
      <field name="formula">True</field>
      <field name="formulas">pure_address = ''
for line in cell(H12).split('\n'):
  if line.strip():
    pure_address = pure_address + line + '\n'
result = pure_address</field>
      <field name="check_root_model">True</field>
      <field name="root_model_id" model="report.excel.fields" eval="obj().env['ir.model'].search([('model', '=', 'account.move')], limit=1).id"/>
      <field name="root_model_name">account.move</field>
      <field name="model_field_selector">partner_id.contact_address</field>
      <field name="field_type">char</field>
      <field name="image_bool" eval="False"/>
      <field name="colOff" eval="0"/>
      <field name="rowOff" eval="0"/>
      <field name="cx">1500000</field>
      <field name="cy">1500000</field>
      <field name="description"></field>
    </record>
    <record id="report_excel_fields_546" model="report.excel.fields">
      <field name="sequence">111</field>
      <field name="cell">B13</field>
      <field name="report_excel_section_id" ref="report_excel_section_58"/>
      <field name="group_by" eval="False"/>
      <field name="aggregate" eval="False"/>
      <field name="aggregate_id" eval="[]"/>
      <field name="having_operator" eval="False"/>
      <field name="having_selection">value</field>
      <field name="having_param_id" eval="[]"/>
      <field name="having_value_type">float</field>
      <field name="having_value_float" eval="0.0"/>
      <field name="having_value_date" eval="False"/>
      <field name="having_value_datetime" eval="False"/>
      <field name="sort_by" eval="False"/>
      <field name="formula">True</field>
      <field name="formulas">result = cell(B13) + ' ' + cell(O41) +'\n' + cell(P41) + ' '  + cell(N7) + ' '  + cell(R41) +'\n' + cell(S41)</field>
      <field name="check_root_model">True</field>
      <field name="root_model_id" model="report.excel.fields" eval="obj().env['ir.model'].search([('model', '=', 'account.move')], limit=1).id"/>
      <field name="root_model_name">account.move</field>
      <field name="model_field_selector">company_id.street</field>
      <field name="field_type">char</field>
      <field name="image_bool" eval="False"/>
      <field name="colOff" eval="0"/>
      <field name="rowOff" eval="0"/>
      <field name="cx">1500000</field>
      <field name="cy">1500000</field>
      <field name="description" eval="False"/>
    </record>
    <record id="report_excel_fields_547" model="report.excel.fields">
      <field name="sequence">112</field>
      <field name="cell">B17</field>
      <field name="report_excel_section_id" ref="report_excel_section_58"/>
      <field name="group_by" eval="False"/>
      <field name="aggregate" eval="False"/>
      <field name="aggregate_id" eval="[]"/>
      <field name="having_operator" eval="False"/>
      <field name="having_selection">value</field>
      <field name="having_param_id" eval="[]"/>
      <field name="having_value_type">float</field>
      <field name="having_value_float" eval="0.0"/>
      <field name="having_value_date" eval="False"/>
      <field name="having_value_datetime" eval="False"/>
      <field name="sort_by" eval="False"/>
      <field name="formula" eval="False"/>
      <field name="formulas"># Help with Python expressions 

# The following variables can be used:
#  - uid: is the current user’s database id
#  - user: is the current user’s record
#  - date, datetime, dateutil: useful Python libraries 
#  - param(parameter_code): Report Parameter, for example  param(Parameter1_start_date)
#  - cell(CELL_COORDINATE): Excel Cell of the current Section,  for example  cell(A7) 

# Note: returned value have to be set in the variable 'result' 

# Example of Python code:
# if (cell(A7) == "out_invoice"):
#   result = cell(H7) * -1
# else:
#   result = cell(H7) </field>
      <field name="check_root_model">True</field>
      <field name="root_model_id" model="report.excel.fields" eval="obj().env['ir.model'].search([('model', '=', 'account.move')], limit=1).id"/>
      <field name="root_model_name">account.move</field>
      <field name="model_field_selector">company_id.phone</field>
      <field name="field_type">char</field>
      <field name="image_bool" eval="False"/>
      <field name="colOff" eval="0"/>
      <field name="rowOff" eval="0"/>
      <field name="cx">1500000</field>
      <field name="cy">1500000</field>
      <field name="description" eval="False"/>
    </record>
    <record id="report_excel_fields_548" model="report.excel.fields">
      <field name="sequence">113</field>
      <field name="cell">H17</field>
      <field name="report_excel_section_id" ref="report_excel_section_58"/>
      <field name="group_by" eval="False"/>
      <field name="aggregate" eval="False"/>
      <field name="aggregate_id" eval="[]"/>
      <field name="having_operator" eval="False"/>
      <field name="having_selection">value</field>
      <field name="having_param_id" eval="[]"/>
      <field name="having_value_type">float</field>
      <field name="having_value_float" eval="0.0"/>
      <field name="having_value_date" eval="False"/>
      <field name="having_value_datetime" eval="False"/>
      <field name="sort_by" eval="False"/>
      <field name="formula" eval="False"/>
      <field name="formulas"># Help with Python expressions 

# The following variables can be used:
#  - uid: is the current user’s database id
#  - user: is the current user’s record
#  - date, datetime, dateutil: useful Python libraries 
#  - param(parameter_code): Report Parameter, for example  param(Parameter1_start_date)
#  - cell(CELL_COORDINATE): Excel Cell of the current Section,  for example  cell(A7) 

# Note: returned value have to be set in the variable 'result' 

# Example of Python code:
# if (cell(A7) == "out_invoice"):
#   result = cell(H7) * -1
# else:
#   result = cell(H7) </field>
      <field name="check_root_model">True</field>
      <field name="root_model_id" model="report.excel.fields" eval="obj().env['ir.model'].search([('model', '=', 'account.move')], limit=1).id"/>
      <field name="root_model_name">account.move</field>
      <field name="model_field_selector">partner_id.phone</field>
      <field name="field_type">char</field>
      <field name="image_bool" eval="False"/>
      <field name="colOff" eval="0"/>
      <field name="rowOff" eval="0"/>
      <field name="cx">1500000</field>
      <field name="cy">1500000</field>
      <field name="description" eval="False"/>
    </record>
    <record id="report_excel_fields_549" model="report.excel.fields">
      <field name="sequence">114</field>
      <field name="cell">D18</field>
      <field name="report_excel_section_id" ref="report_excel_section_58"/>
      <field name="group_by" eval="False"/>
      <field name="aggregate" eval="False"/>
      <field name="aggregate_id" eval="[]"/>
      <field name="having_operator" eval="False"/>
      <field name="having_selection">value</field>
      <field name="having_param_id" eval="[]"/>
      <field name="having_value_type">float</field>
      <field name="having_value_float" eval="0.0"/>
      <field name="having_value_date" eval="False"/>
      <field name="having_value_datetime" eval="False"/>
      <field name="sort_by" eval="False"/>
      <field name="formula" eval="False"/>
      <field name="formulas"># Help with Python expressions 

# The following variables can be used:
#  - uid: is the current user’s database id
#  - user: is the current user’s record
#  - date, datetime, dateutil: useful Python libraries 
#  - param(parameter_code): Report Parameter, for example  param(Parameter1_start_date)
#  - cell(CELL_COORDINATE): Excel Cell of the current Section,  for example  cell(A7) 

# Note: returned value have to be set in the variable 'result' 

# Example of Python code:
# if (cell(A7) == "out_invoice"):
#   result = cell(H7) * -1
# else:
#   result = cell(H7) </field>
      <field name="check_root_model">True</field>
      <field name="root_model_id" model="report.excel.fields" eval="obj().env['ir.model'].search([('model', '=', 'account.move')], limit=1).id"/>
      <field name="root_model_name">account.move</field>
      <field name="model_field_selector">company_id.company_registry</field>
      <field name="field_type">char</field>
      <field name="image_bool" eval="False"/>
      <field name="colOff" eval="0"/>
      <field name="rowOff" eval="0"/>
      <field name="cx">1500000</field>
      <field name="cy">1500000</field>
      <field name="description" eval="False"/>
    </record>
    <record id="report_excel_fields_550" model="report.excel.fields">
      <field name="sequence">115</field>
      <field name="cell">A22</field>
      <field name="report_excel_section_id" ref="report_excel_section_58"/>
      <field name="group_by" eval="False"/>
      <field name="aggregate" eval="False"/>
      <field name="aggregate_id" eval="[]"/>
      <field name="having_operator" eval="False"/>
      <field name="having_selection">value</field>
      <field name="having_param_id" eval="[]"/>
      <field name="having_value_type">float</field>
      <field name="having_value_float" eval="0.0"/>
      <field name="having_value_date" eval="False"/>
      <field name="having_value_datetime" eval="False"/>
      <field name="sort_by" eval="False"/>
      <field name="formula" eval="False"/>
      <field name="formulas"># Help with Python expressions 

# The following variables can be used:
#  - uid: is the current user’s database id
#  - user: is the current user’s record
#  - date, datetime, dateutil: useful Python libraries 
#  - param(parameter_code): Report Parameter, for example  param(Parameter1_start_date)
#  - cell(CELL_COORDINATE): Excel Cell of the current Section,  for example  cell(A7) 

# Note: returned value have to be set in the variable 'result' 

# Example of Python code:
# if (cell(A7) == "out_invoice"):
#   result = cell(H7) * -1
# else:
#   result = cell(H7) </field>
      <field name="check_root_model">True</field>
      <field name="root_model_id" model="report.excel.fields" eval="obj().env['ir.model'].search([('model', '=', 'account.move')], limit=1).id"/>
      <field name="root_model_name">account.move</field>
      <field name="model_field_selector">company_id.country_id.display_name</field>
      <field name="field_type">char</field>
      <field name="image_bool" eval="False"/>
      <field name="colOff" eval="0"/>
      <field name="rowOff" eval="0"/>
      <field name="cx">1500000</field>
      <field name="cy">1500000</field>
      <field name="description" eval="False"/>
    </record>
    <record id="report_excel_fields_551" model="report.excel.fields">
      <field name="sequence">116</field>
      <field name="cell">H22</field>
      <field name="report_excel_section_id" ref="report_excel_section_58"/>
      <field name="group_by" eval="False"/>
      <field name="aggregate" eval="False"/>
      <field name="aggregate_id" eval="[]"/>
      <field name="having_operator" eval="False"/>
      <field name="having_selection">value</field>
      <field name="having_param_id" eval="[]"/>
      <field name="having_value_type">float</field>
      <field name="having_value_float" eval="0.0"/>
      <field name="having_value_date" eval="False"/>
      <field name="having_value_datetime" eval="False"/>
      <field name="sort_by" eval="False"/>
      <field name="formula">True</field>
      <field name="formulas">pure_address = ''
for line in cell(H22).split('\n'):
  if line.strip():
    pure_address = pure_address + line + '\n'
result = pure_address</field>
      <field name="check_root_model">True</field>
      <field name="root_model_id" model="report.excel.fields" eval="obj().env['ir.model'].search([('model', '=', 'account.move')], limit=1).id"/>
      <field name="root_model_name">account.move</field>
      <field name="model_field_selector">partner_shipping_id.contact_address</field>
      <field name="field_type">char</field>
      <field name="image_bool" eval="False"/>
      <field name="colOff" eval="0"/>
      <field name="rowOff" eval="0"/>
      <field name="cx">1500000</field>
      <field name="cy">1500000</field>
      <field name="description" eval="False"/>
    </record>
    <record id="report_excel_fields_552" model="report.excel.fields">
      <field name="sequence">117</field>
      <field name="cell">A26</field>
      <field name="report_excel_section_id" ref="report_excel_section_58"/>
      <field name="group_by" eval="False"/>
      <field name="aggregate" eval="False"/>
      <field name="aggregate_id" eval="[]"/>
      <field name="having_operator" eval="False"/>
      <field name="having_selection">value</field>
      <field name="having_param_id" eval="[]"/>
      <field name="having_value_type">float</field>
      <field name="having_value_float" eval="0.0"/>
      <field name="having_value_date" eval="False"/>
      <field name="having_value_datetime" eval="False"/>
      <field name="sort_by" eval="False"/>
      <field name="formula" eval="False"/>
      <field name="formulas"># Help with Python expressions 

# The following variables can be used:
#  - uid: is the current user’s database id
#  - user: is the current user’s record
#  - date, datetime, dateutil: useful Python libraries 
#  - param(parameter_code): Report Parameter, for example  param(Parameter1_start_date)
#  - cell(CELL_COORDINATE): Excel Cell of the current Section,  for example  cell(A7) 

# Note: returned value have to be set in the variable 'result' 

# Example of Python code:
# if (cell(A7) == "out_invoice"):
#   result = cell(H7) * -1
# else:
#   result = cell(H7) </field>
      <field name="check_root_model">True</field>
      <field name="root_model_id" model="report.excel.fields" eval="obj().env['ir.model'].search([('model', '=', 'account.move')], limit=1).id"/>
      <field name="root_model_name">account.move</field>
      <field name="model_field_selector">partner_id.country_id.display_name</field>
      <field name="field_type">char</field>
      <field name="image_bool" eval="False"/>
      <field name="colOff" eval="0"/>
      <field name="rowOff" eval="0"/>
      <field name="cx">1500000</field>
      <field name="cy">1500000</field>
      <field name="description" eval="False"/>
    </record>
    <record id="report_excel_fields_553" model="report.excel.fields">
      <field name="sequence">118</field>
      <field name="cell">H27</field>
      <field name="report_excel_section_id" ref="report_excel_section_58"/>
      <field name="group_by" eval="False"/>
      <field name="aggregate" eval="False"/>
      <field name="aggregate_id" eval="[]"/>
      <field name="having_operator" eval="False"/>
      <field name="having_selection">value</field>
      <field name="having_param_id" eval="[]"/>
      <field name="having_value_type">float</field>
      <field name="having_value_float" eval="0.0"/>
      <field name="having_value_date" eval="False"/>
      <field name="having_value_datetime" eval="False"/>
      <field name="sort_by" eval="False"/>
      <field name="formula" eval="False"/>
      <field name="formulas"># Help with Python expressions 

# The following variables can be used:
#  - uid: is the current user’s database id
#  - user: is the current user’s record
#  - date, datetime, dateutil: useful Python libraries 
#  - param(parameter_code): Report Parameter, for example  param(Parameter1_start_date)
#  - cell(CELL_COORDINATE): Excel Cell of the current Section,  for example  cell(A7) 

# Note: returned value have to be set in the variable 'result' 

# Example of Python code:
# if (cell(A7) == "out_invoice"):
#   result = cell(H7) * -1
# else:
#   result = cell(H7) </field>
      <field name="check_root_model">True</field>
      <field name="root_model_id" model="report.excel.fields" eval="obj().env['ir.model'].search([('model', '=', 'account.move')], limit=1).id"/>
      <field name="root_model_name">account.move</field>
      <field name="model_field_selector">partner_shipping_id.phone</field>
      <field name="field_type">char</field>
      <field name="image_bool" eval="False"/>
      <field name="colOff" eval="0"/>
      <field name="rowOff" eval="0"/>
      <field name="cx">1500000</field>
      <field name="cy">1500000</field>
      <field name="description" eval="False"/>
    </record>
    <record id="report_excel_fields_554" model="report.excel.fields">
      <field name="sequence">119</field>
      <field name="cell">F35</field>
      <field name="report_excel_section_id" ref="report_excel_section_58"/>
      <field name="group_by" eval="False"/>
      <field name="aggregate">sum</field>
      <field name="aggregate_id" ref="report_excel.aggregate_sum"/>
      <field name="having_operator" eval="False"/>
      <field name="having_selection">value</field>
      <field name="having_param_id" eval="[]"/>
      <field name="having_value_type">float</field>
      <field name="having_value_float" eval="0.0"/>
      <field name="having_value_date" eval="False"/>
      <field name="having_value_datetime" eval="False"/>
      <field name="sort_by" eval="False"/>
      <field name="formula" eval="False"/>
      <field name="formulas"># Help with Python expressions 

# The following variables can be used:
#  - uid: is the current user’s database id
#  - user: is the current user’s record
#  - date, datetime, dateutil: useful Python libraries 
#  - param(parameter_code): Report Parameter, for example  param(Parameter1_start_date)
#  - cell(CELL_COORDINATE): Excel Cell of the current Section,  for example  cell(A7) 

# Note: returned value have to be set in the variable 'result' 

# Example of Python code:
# if (cell(A7) == "out_invoice"):
#   result = cell(H7) * -1
# else:
#   result = cell(H7) </field>
      <field name="check_root_model">True</field>
      <field name="root_model_id" model="report.excel.fields" eval="obj().env['ir.model'].search([('model', '=', 'account.move')], limit=1).id"/>
      <field name="root_model_name">account.move</field>
      <field name="model_field_selector">invoice_line_ids.quantity</field>
      <field name="field_type">float</field>
      <field name="image_bool" eval="False"/>
      <field name="colOff" eval="0"/>
      <field name="rowOff" eval="0"/>
      <field name="cx">1500000</field>
      <field name="cy">1500000</field>
      <field name="description" eval="False"/>
    </record>
    <record id="report_excel_fields_555" model="report.excel.fields">
      <field name="sequence">120</field>
      <field name="cell">I35</field>
      <field name="report_excel_section_id" ref="report_excel_section_58"/>
      <field name="group_by" eval="False"/>
      <field name="aggregate">sum</field>
      <field name="aggregate_id" ref="report_excel.aggregate_sum"/>
      <field name="having_operator" eval="False"/>
      <field name="having_selection">value</field>
      <field name="having_param_id" eval="[]"/>
      <field name="having_value_type">float</field>
      <field name="having_value_float" eval="0.0"/>
      <field name="having_value_date" eval="False"/>
      <field name="having_value_datetime" eval="False"/>
      <field name="sort_by" eval="False"/>
      <field name="formula">True</field>
      <field name="formulas">weight = cell(I35) if cell(I35) != "" else 0
result = cell(O35) * weight</field>
      <field name="check_root_model">True</field>
      <field name="root_model_id" model="report.excel.fields" eval="obj().env['ir.model'].search([('model', '=', 'account.move')], limit=1).id"/>
      <field name="root_model_name">account.move</field>
      <field name="model_field_selector">invoice_line_ids.product_id.weight</field>
      <field name="field_type">float</field>
      <field name="image_bool" eval="False"/>
      <field name="colOff" eval="0"/>
      <field name="rowOff" eval="0"/>
      <field name="cx">1500000</field>
      <field name="cy">1500000</field>
      <field name="description" eval="False"/>
    </record>
    <record id="report_excel_fields_556" model="report.excel.fields">
      <field name="sequence">121</field>
      <field name="cell">O35</field>
      <field name="report_excel_section_id" ref="report_excel_section_58"/>
      <field name="group_by" eval="False"/>
      <field name="aggregate" eval="False"/>
      <field name="aggregate_id" eval="[]"/>
      <field name="having_operator" eval="False"/>
      <field name="having_selection">value</field>
      <field name="having_param_id" eval="[]"/>
      <field name="having_value_type">float</field>
      <field name="having_value_float" eval="0.0"/>
      <field name="having_value_date" eval="False"/>
      <field name="having_value_datetime" eval="False"/>
      <field name="sort_by" eval="False"/>
      <field name="formula" eval="False"/>
      <field name="formulas"># Help with Python expressions 

# The following variables can be used:
#  - uid: is the current user’s database id
#  - user: is the current user’s record
#  - date, datetime, dateutil: useful Python libraries 
#  - param(parameter_code): Report Parameter, for example  param(Parameter1_start_date)
#  - cell(CELL_COORDINATE): Excel Cell of the current Section,  for example  cell(A7) 

# Note: returned value have to be set in the variable 'result' 

# Example of Python code:
# if (cell(A7) == "out_invoice"):
#   result = cell(H7) * -1
# else:
#   result = cell(H7) </field>
      <field name="check_root_model">True</field>
      <field name="root_model_id" model="report.excel.fields" eval="obj().env['ir.model'].search([('model', '=', 'account.move')], limit=1).id"/>
      <field name="root_model_name">account.move</field>
      <field name="model_field_selector">invoice_line_ids.quantity</field>
      <field name="field_type">float</field>
      <field name="image_bool" eval="False"/>
      <field name="colOff" eval="0"/>
      <field name="rowOff" eval="0"/>
      <field name="cx">1500000</field>
      <field name="cy">1500000</field>
      <field name="description" eval="False"/>
    </record>
    <record id="report_excel_fields_557" model="report.excel.fields">
      <field name="sequence">122</field>
      <field name="cell">K35</field>
      <field name="report_excel_section_id" ref="report_excel_section_58"/>
      <field name="group_by" eval="False"/>
      <field name="aggregate" eval="False"/>
      <field name="aggregate_id" eval="[]"/>
      <field name="having_operator" eval="False"/>
      <field name="having_selection">value</field>
      <field name="having_param_id" eval="[]"/>
      <field name="having_value_type">float</field>
      <field name="having_value_float" eval="0.0"/>
      <field name="having_value_date" eval="False"/>
      <field name="having_value_datetime" eval="False"/>
      <field name="sort_by" eval="False"/>
      <field name="formula" eval="False"/>
      <field name="formulas"># Help with Python expressions 

# The following variables can be used:
#  - uid: is the current user’s database id
#  - user: is the current user’s record
#  - date, datetime, dateutil: useful Python libraries 
#  - param(parameter_code): Report Parameter, for example  param(Parameter1_start_date)
#  - cell(CELL_COORDINATE): Excel Cell of the current Section,  for example  cell(A7) 

# Note: returned value have to be set in the variable 'result' 

# Example of Python code:
# if (cell(A7) == "out_invoice"):
#   result = cell(H7) * -1
# else:
#   result = cell(H7) </field>
      <field name="check_root_model">True</field>
      <field name="root_model_id" model="report.excel.fields" eval="obj().env['ir.model'].search([('model', '=', 'account.move')], limit=1).id"/>
      <field name="root_model_name">account.move</field>
      <field name="model_field_selector">amount_total</field>
      <field name="field_type">monetary</field>
      <field name="image_bool" eval="False"/>
      <field name="colOff" eval="0"/>
      <field name="rowOff" eval="0"/>
      <field name="cx">1500000</field>
      <field name="cy">1500000</field>
      <field name="description" eval="False"/>
    </record>
    <record id="report_excel_fields_558" model="report.excel.fields">
      <field name="sequence">123</field>
      <field name="cell">O40</field>
      <field name="report_excel_section_id" ref="report_excel_section_58"/>
      <field name="group_by" eval="False"/>
      <field name="aggregate" eval="False"/>
      <field name="aggregate_id" eval="[]"/>
      <field name="having_operator" eval="False"/>
      <field name="having_selection">value</field>
      <field name="having_param_id" eval="[]"/>
      <field name="having_value_type">float</field>
      <field name="having_value_float" eval="0.0"/>
      <field name="having_value_date" eval="False"/>
      <field name="having_value_datetime" eval="False"/>
      <field name="sort_by" eval="False"/>
      <field name="formula" eval="False"/>
      <field name="formulas"># Help with Python expressions 

# The following variables can be used:
#  - uid: is the current user’s database id
#  - user: is the current user’s record
#  - date, datetime, dateutil: useful Python libraries 
#  - param(parameter_code): Report Parameter, for example  param(Parameter1_start_date)
#  - cell(CELL_COORDINATE): Excel Cell of the current Section,  for example  cell(A7) 

# Note: returned value have to be set in the variable 'result' 

# Example of Python code:
# if (cell(A7) == "out_invoice"):
#   result = cell(H7) * -1
# else:
#   result = cell(H7) </field>
      <field name="check_root_model">True</field>
      <field name="root_model_id" model="report.excel.fields" eval="obj().env['ir.model'].search([('model', '=', 'account.move')], limit=1).id"/>
      <field name="root_model_name">account.move</field>
      <field name="model_field_selector">user_id.phone</field>
      <field name="field_type">char</field>
      <field name="image_bool" eval="False"/>
      <field name="colOff" eval="0"/>
      <field name="rowOff" eval="0"/>
      <field name="cx">1500000</field>
      <field name="cy">1500000</field>
      <field name="description" eval="False"/>
    </record>
    <record id="report_excel_fields_559" model="report.excel.fields">
      <field name="sequence">124</field>
      <field name="cell">O41</field>
      <field name="report_excel_section_id" ref="report_excel_section_58"/>
      <field name="group_by" eval="False"/>
      <field name="aggregate" eval="False"/>
      <field name="aggregate_id" eval="[]"/>
      <field name="having_operator" eval="False"/>
      <field name="having_selection">value</field>
      <field name="having_param_id" eval="[]"/>
      <field name="having_value_type">float</field>
      <field name="having_value_float" eval="0.0"/>
      <field name="having_value_date" eval="False"/>
      <field name="having_value_datetime" eval="False"/>
      <field name="sort_by" eval="False"/>
      <field name="formula" eval="False"/>
      <field name="formulas"># Help with Python expressions 

# The following variables can be used:
#  - uid: is the current user’s database id
#  - user: is the current user’s record
#  - date, datetime, dateutil: useful Python libraries 
#  - param(parameter_code): Report Parameter, for example  param(Parameter1_start_date)
#  - cell(CELL_COORDINATE): Excel Cell of the current Section,  for example  cell(A7) 

# Note: returned value have to be set in the variable 'result' 

# Example of Python code:
# if (cell(A7) == "out_invoice"):
#   result = cell(H7) * -1
# else:
#   result = cell(H7) </field>
      <field name="check_root_model">True</field>
      <field name="root_model_id" model="report.excel.fields" eval="obj().env['ir.model'].search([('model', '=', 'account.move')], limit=1).id"/>
      <field name="root_model_name">account.move</field>
      <field name="model_field_selector">company_id.street2</field>
      <field name="field_type">char</field>
      <field name="image_bool" eval="False"/>
      <field name="colOff" eval="0"/>
      <field name="rowOff" eval="0"/>
      <field name="cx">1500000</field>
      <field name="cy">1500000</field>
      <field name="description" eval="False"/>
    </record>
    <record id="report_excel_fields_560" model="report.excel.fields">
      <field name="sequence">125</field>
      <field name="cell">P41</field>
      <field name="report_excel_section_id" ref="report_excel_section_58"/>
      <field name="group_by" eval="False"/>
      <field name="aggregate" eval="False"/>
      <field name="aggregate_id" eval="[]"/>
      <field name="having_operator" eval="False"/>
      <field name="having_selection">value</field>
      <field name="having_param_id" eval="[]"/>
      <field name="having_value_type">float</field>
      <field name="having_value_float" eval="0.0"/>
      <field name="having_value_date" eval="False"/>
      <field name="having_value_datetime" eval="False"/>
      <field name="sort_by" eval="False"/>
      <field name="formula" eval="False"/>
      <field name="formulas"># Help with Python expressions 

# The following variables can be used:
#  - uid: is the current user’s database id
#  - user: is the current user’s record
#  - date, datetime, dateutil: useful Python libraries 
#  - param(parameter_code): Report Parameter, for example  param(Parameter1_start_date)
#  - cell(CELL_COORDINATE): Excel Cell of the current Section,  for example  cell(A7) 

# Note: returned value have to be set in the variable 'result' 

# Example of Python code:
# if (cell(A7) == "out_invoice"):
#   result = cell(H7) * -1
# else:
#   result = cell(H7) </field>
      <field name="check_root_model">True</field>
      <field name="root_model_id" model="report.excel.fields" eval="obj().env['ir.model'].search([('model', '=', 'account.move')], limit=1).id"/>
      <field name="root_model_name">account.move</field>
      <field name="model_field_selector">company_id.city</field>
      <field name="field_type">char</field>
      <field name="image_bool" eval="False"/>
      <field name="colOff" eval="0"/>
      <field name="rowOff" eval="0"/>
      <field name="cx">1500000</field>
      <field name="cy">1500000</field>
      <field name="description" eval="False"/>
    </record>
    <record id="report_excel_fields_561" model="report.excel.fields">
      <field name="sequence">126</field>
      <field name="cell">Q41</field>
      <field name="report_excel_section_id" ref="report_excel_section_58"/>
      <field name="group_by" eval="False"/>
      <field name="aggregate" eval="False"/>
      <field name="aggregate_id" eval="[]"/>
      <field name="having_operator" eval="False"/>
      <field name="having_selection">value</field>
      <field name="having_param_id" eval="[]"/>
      <field name="having_value_type">float</field>
      <field name="having_value_float" eval="0.0"/>
      <field name="having_value_date" eval="False"/>
      <field name="having_value_datetime" eval="False"/>
      <field name="sort_by" eval="False"/>
      <field name="formula" eval="False"/>
      <field name="formulas"># Help with Python expressions 

# The following variables can be used:
#  - uid: is the current user’s database id
#  - user: is the current user’s record
#  - date, datetime, dateutil: useful Python libraries 
#  - param(parameter_code): Report Parameter, for example  param(Parameter1_start_date)
#  - cell(CELL_COORDINATE): Excel Cell of the current Section,  for example  cell(A7) 

# Note: returned value have to be set in the variable 'result' 

# Example of Python code:
# if (cell(A7) == "out_invoice"):
#   result = cell(H7) * -1
# else:
#   result = cell(H7) </field>
      <field name="check_root_model">True</field>
      <field name="root_model_id" model="report.excel.fields" eval="obj().env['ir.model'].search([('model', '=', 'account.move')], limit=1).id"/>
      <field name="root_model_name">account.move</field>
      <field name="model_field_selector">company_id.state_id</field>
      <field name="field_type">many2one</field>
      <field name="image_bool" eval="False"/>
      <field name="colOff" eval="0"/>
      <field name="rowOff" eval="0"/>
      <field name="cx">1500000</field>
      <field name="cy">1500000</field>
      <field name="description"></field>
    </record>
    <record id="report_excel_fields_562" model="report.excel.fields">
      <field name="sequence">127</field>
      <field name="cell">R41</field>
      <field name="report_excel_section_id" ref="report_excel_section_58"/>
      <field name="group_by" eval="False"/>
      <field name="aggregate" eval="False"/>
      <field name="aggregate_id" eval="[]"/>
      <field name="having_operator" eval="False"/>
      <field name="having_selection">value</field>
      <field name="having_param_id" eval="[]"/>
      <field name="having_value_type">float</field>
      <field name="having_value_float" eval="0.0"/>
      <field name="having_value_date" eval="False"/>
      <field name="having_value_datetime" eval="False"/>
      <field name="sort_by" eval="False"/>
      <field name="formula" eval="False"/>
      <field name="formulas"># Help with Python expressions 

# The following variables can be used:
#  - uid: is the current user’s database id
#  - user: is the current user’s record
#  - date, datetime, dateutil: useful Python libraries 
#  - param(parameter_code): Report Parameter, for example  param(Parameter1_start_date)
#  - cell(CELL_COORDINATE): Excel Cell of the current Section,  for example  cell(A7) 

# Note: returned value have to be set in the variable 'result' 

# Example of Python code:
# if (cell(A7) == "out_invoice"):
#   result = cell(H7) * -1
# else:
#   result = cell(H7) </field>
      <field name="check_root_model">True</field>
      <field name="root_model_id" model="report.excel.fields" eval="obj().env['ir.model'].search([('model', '=', 'account.move')], limit=1).id"/>
      <field name="root_model_name">account.move</field>
      <field name="model_field_selector">company_id.zip</field>
      <field name="field_type">char</field>
      <field name="image_bool" eval="False"/>
      <field name="colOff" eval="0"/>
      <field name="rowOff" eval="0"/>
      <field name="cx">1500000</field>
      <field name="cy">1500000</field>
      <field name="description" eval="False"/>
    </record>
    <record id="report_excel_fields_563" model="report.excel.fields">
      <field name="sequence">128</field>
      <field name="cell">S41</field>
      <field name="report_excel_section_id" ref="report_excel_section_58"/>
      <field name="group_by" eval="False"/>
      <field name="aggregate" eval="False"/>
      <field name="aggregate_id" eval="[]"/>
      <field name="having_operator" eval="False"/>
      <field name="having_selection">value</field>
      <field name="having_param_id" eval="[]"/>
      <field name="having_value_type">float</field>
      <field name="having_value_float" eval="0.0"/>
      <field name="having_value_date" eval="False"/>
      <field name="having_value_datetime" eval="False"/>
      <field name="sort_by" eval="False"/>
      <field name="formula" eval="False"/>
      <field name="formulas"># Help with Python expressions 

# The following variables can be used:
#  - uid: is the current user’s database id
#  - user: is the current user’s record
#  - date, datetime, dateutil: useful Python libraries 
#  - param(parameter_code): Report Parameter, for example  param(Parameter1_start_date)
#  - cell(CELL_COORDINATE): Excel Cell of the current Section,  for example  cell(A7) 

# Note: returned value have to be set in the variable 'result' 

# Example of Python code:
# if (cell(A7) == "out_invoice"):
#   result = cell(H7) * -1
# else:
#   result = cell(H7) </field>
      <field name="check_root_model">True</field>
      <field name="root_model_id" model="report.excel.fields" eval="obj().env['ir.model'].search([('model', '=', 'account.move')], limit=1).id"/>
      <field name="root_model_name">account.move</field>
      <field name="model_field_selector">company_id.country_id</field>
      <field name="field_type">many2one</field>
      <field name="image_bool" eval="False"/>
      <field name="colOff" eval="0"/>
      <field name="rowOff" eval="0"/>
      <field name="cx">1500000</field>
      <field name="cy">1500000</field>
      <field name="description" eval="False"/>
    </record>
    <record id="report_excel_fields_564" model="report.excel.fields">
      <field name="sequence">129</field>
      <field name="cell">A53</field>
      <field name="report_excel_section_id" ref="report_excel_section_58"/>
      <field name="group_by" eval="False"/>
      <field name="aggregate" eval="False"/>
      <field name="aggregate_id" eval="[]"/>
      <field name="having_operator" eval="False"/>
      <field name="having_selection">value</field>
      <field name="having_param_id" eval="[]"/>
      <field name="having_value_type">float</field>
      <field name="having_value_float" eval="0.0"/>
      <field name="having_value_date" eval="False"/>
      <field name="having_value_datetime" eval="False"/>
      <field name="sort_by" eval="False"/>
      <field name="formula">True</field>
      <field name="formulas">result = cell(A53) + (', ' + cell(O40) if cell(O40) else '') + (', ' + cell(O50) if cell(O50) else '')</field>
      <field name="check_root_model">True</field>
      <field name="root_model_id" model="report.excel.fields" eval="obj().env['ir.model'].search([('model', '=', 'account.move')], limit=1).id"/>
      <field name="root_model_name">account.move</field>
      <field name="model_field_selector">user_id</field>
      <field name="field_type">many2one</field>
      <field name="image_bool" eval="False"/>
      <field name="colOff" eval="0"/>
      <field name="rowOff" eval="0"/>
      <field name="cx">1500000</field>
      <field name="cy">1500000</field>
      <field name="description" eval="False"/>
    </record>
    <record id="report_excel_fields_565" model="report.excel.fields">
      <field name="sequence">130</field>
      <field name="cell">O50</field>
      <field name="report_excel_section_id" ref="report_excel_section_58"/>
      <field name="group_by" eval="False"/>
      <field name="aggregate" eval="False"/>
      <field name="aggregate_id" eval="[]"/>
      <field name="having_operator" eval="False"/>
      <field name="having_selection">value</field>
      <field name="having_param_id" eval="[]"/>
      <field name="having_value_type">float</field>
      <field name="having_value_float" eval="0.0"/>
      <field name="having_value_date" eval="False"/>
      <field name="having_value_datetime" eval="False"/>
      <field name="sort_by" eval="False"/>
      <field name="formula" eval="False"/>
      <field name="formulas"># Help with Python expressions 

# The following variables can be used:
#  - uid: is the current user’s database id
#  - user: is the current user’s record
#  - date, datetime, dateutil: useful Python libraries 
#  - param(parameter_code): Report Parameter, for example  param(Parameter1_start_date)
#  - cell(CELL_COORDINATE): Excel Cell of the current Section,  for example  cell(A7) 

# Note: returned value have to be set in the variable 'result' 

# Example of Python code:
# if (cell(A7) == "out_invoice"):
#   result = cell(H7) * -1
# else:
#   result = cell(H7) </field>
      <field name="check_root_model">True</field>
      <field name="root_model_id" model="report.excel.fields" eval="obj().env['ir.model'].search([('model', '=', 'account.move')], limit=1).id"/>
      <field name="root_model_name">account.move</field>
      <field name="model_field_selector">user_id.email</field>
      <field name="field_type">char</field>
      <field name="image_bool" eval="False"/>
      <field name="colOff" eval="0"/>
      <field name="rowOff" eval="0"/>
      <field name="cx">1500000</field>
      <field name="cy">1500000</field>
      <field name="description" eval="False"/>
    </record>
    <record id="report_excel_fields_566" model="report.excel.fields">
      <field name="sequence">131</field>
      <field name="cell">A54</field>
      <field name="report_excel_section_id" ref="report_excel_section_58"/>
      <field name="group_by" eval="False"/>
      <field name="aggregate" eval="False"/>
      <field name="aggregate_id" eval="[]"/>
      <field name="having_operator" eval="False"/>
      <field name="having_selection">value</field>
      <field name="having_param_id" eval="[]"/>
      <field name="having_value_type">float</field>
      <field name="having_value_float" eval="0.0"/>
      <field name="having_value_date" eval="False"/>
      <field name="having_value_datetime" eval="False"/>
      <field name="sort_by" eval="False"/>
      <field name="formula" eval="False"/>
      <field name="formulas"># Help with Python expressions 

# The following variables can be used:
#  - uid: is the current user’s database id
#  - user: is the current user’s record
#  - date, datetime, dateutil: useful Python libraries 
#  - param(parameter_code): Report Parameter, for example  param(Parameter1_start_date)
#  - cell(CELL_COORDINATE): Excel Cell of the current Section,  for example  cell(A7) 

# Note: returned value have to be set in the variable 'result' 

# Example of Python code:
# if (cell(A7) == "out_invoice"):
#   result = cell(H7) * -1
# else:
#   result = cell(H7) </field>
      <field name="check_root_model">True</field>
      <field name="root_model_id" model="report.excel.fields" eval="obj().env['ir.model'].search([('model', '=', 'account.move')], limit=1).id"/>
      <field name="root_model_name">account.move</field>
      <field name="model_field_selector">company_id.website</field>
      <field name="field_type">char</field>
      <field name="image_bool" eval="False"/>
      <field name="colOff" eval="0"/>
      <field name="rowOff" eval="0"/>
      <field name="cx">1500000</field>
      <field name="cy">1500000</field>
      <field name="description" eval="False"/>
    </record>
    <record id="report_excel_fields_567" model="report.excel.fields">
      <field name="sequence">132</field>
      <field name="cell">K39</field>
      <field name="report_excel_section_id" ref="report_excel_section_58"/>
      <field name="group_by" eval="False"/>
      <field name="aggregate" eval="False"/>
      <field name="aggregate_id" eval="[]"/>
      <field name="having_operator" eval="False"/>
      <field name="having_selection">value</field>
      <field name="having_param_id" eval="[]"/>
      <field name="having_value_type">float</field>
      <field name="having_value_float" eval="0.0"/>
      <field name="having_value_date" eval="False"/>
      <field name="having_value_datetime" eval="False"/>
      <field name="sort_by" eval="False"/>
      <field name="formula" eval="False"/>
      <field name="formulas"># Help with Python expressions 

# The following variables can be used:
#  - uid: is the current user’s database id
#  - user: is the current user’s record
#  - date, datetime, dateutil: useful Python libraries 
#  - param(parameter_code): Report Parameter, for example  param(Parameter1_start_date)
#  - cell(CELL_COORDINATE): Excel Cell of the current Section,  for example  cell(A7) 

# Note: returned value have to be set in the variable 'result' 

# Example of Python code:
# if (cell(A7) == "out_invoice"):
#   result = cell(H7) * -1
# else:
#   result = cell(H7) </field>
      <field name="check_root_model">True</field>
      <field name="root_model_id" model="report.excel.fields" eval="obj().env['ir.model'].search([('model', '=', 'account.move')], limit=1).id"/>
      <field name="root_model_name">account.move</field>
      <field name="model_field_selector">amount_total</field>
      <field name="field_type">monetary</field>
      <field name="image_bool" eval="False"/>
      <field name="colOff" eval="0"/>
      <field name="rowOff" eval="0"/>
      <field name="cx">1500000</field>
      <field name="cy">1500000</field>
      <field name="description" eval="False"/>
    </record>
    <record id="report_excel_fields_568" model="report.excel.fields">
      <field name="sequence">133</field>
      <field name="cell">A1</field>
      <field name="report_excel_section_id" ref="report_excel_section_58"/>
      <field name="group_by" eval="False"/>
      <field name="aggregate" eval="False"/>
      <field name="aggregate_id" eval="[]"/>
      <field name="having_operator" eval="False"/>
      <field name="having_selection">value</field>
      <field name="having_param_id" eval="[]"/>
      <field name="having_value_type">float</field>
      <field name="having_value_float" eval="0.0"/>
      <field name="having_value_date" eval="False"/>
      <field name="having_value_datetime" eval="False"/>
      <field name="sort_by" eval="False"/>
      <field name="formula" eval="False"/>
      <field name="formulas"># Help with Python expressions 

# The following variables can be used:
#  - uid: is the current user’s database id
#  - user: is the current user’s record
#  - date, datetime, dateutil: useful Python libraries 
#  - param(parameter_code): Report Parameter, for example  param(Parameter1_start_date)
#  - cell(CELL_COORDINATE): Excel Cell of the current Section,  for example  cell(A7) 

# Note: returned value have to be set in the variable 'result' 

# Example of Python code:
# if (cell(A7) == "out_invoice"):
#   result = cell(H7) * -1
# else:
#   result = cell(H7) </field>
      <field name="check_root_model">True</field>
      <field name="root_model_id" model="report.excel.fields" eval="obj().env['ir.model'].search([('model', '=', 'account.move')], limit=1).id"/>
      <field name="root_model_name">account.move</field>
      <field name="model_field_selector">company_id</field>
      <field name="field_type">many2one</field>
      <field name="image_bool" eval="False"/>
      <field name="colOff" eval="0"/>
      <field name="rowOff" eval="0"/>
      <field name="cx">1500000</field>
      <field name="cy">1500000</field>
      <field name="description" eval="False"/>
    </record>
    <record id="report_excel_section_59" model="report.excel.section">
      <field name="root_model_id" model="report.excel.section" eval="obj().env['ir.model'].search([('model', '=', 'account.move.line')], limit=1).id"/>
      <field name="sequence">10</field>
      <field name="name">Section 1-1 - Invoice Lines</field>
      <field name="parent_id" ref="report_excel_section_58"/>
      <field name="type_data">data_line</field>
      <field name="level" eval="0"/>
      <field name="root_model_related_field_id" ref="account.field_account_move__invoice_line_ids"/>
      <field name="root_model_name">account.move.line</field>
      <field name="check_root_model">True</field>
      <field name="section">True</field>
      <field name="section_level">1</field>
      <field name="section_start">A32</field>
      <field name="section_end">N32</field>
      <field name="domain">[]</field>
      <field name="description" eval="False"/>
    </record>
    <record id="report_excel_fields_569" model="report.excel.fields">
      <field name="sequence">100</field>
      <field name="cell">E32</field>
      <field name="report_excel_section_id" ref="report_excel_section_59"/>
      <field name="group_by" eval="False"/>
      <field name="aggregate" eval="False"/>
      <field name="aggregate_id" eval="[]"/>
      <field name="having_operator" eval="False"/>
      <field name="having_selection">value</field>
      <field name="having_param_id" eval="[]"/>
      <field name="having_value_type">float</field>
      <field name="having_value_float" eval="0.0"/>
      <field name="having_value_date" eval="False"/>
      <field name="having_value_datetime" eval="False"/>
      <field name="sort_by" eval="False"/>
      <field name="formula" eval="False"/>
      <field name="formulas"># Help with Python expressions 

# The following variables can be used:
#  - uid: is the current user’s database id
#  - user: is the current user’s record
#  - date, datetime, dateutil: useful Python libraries 
#  - param(parameter_code): Report Parameter, for example  param(Parameter1_start_date)
#  - cell(CELL_COORDINATE): Excel Cell of the current Section,  for example  cell(A7) 

# Note: returned value have to be set in the variable 'result' 

# Example of Python code:
# if (cell(A7) == "out_invoice"):
#   result = cell(H7) * -1
# else:
#   result = cell(H7) </field>
      <field name="check_root_model">True</field>
      <field name="root_model_id" model="report.excel.fields" eval="obj().env['ir.model'].search([('model', '=', 'account.move.line')], limit=1).id"/>
      <field name="root_model_name">account.move.line</field>
      <field name="model_field_selector">display_name</field>
      <field name="field_type">char</field>
      <field name="image_bool" eval="False"/>
      <field name="colOff" eval="0"/>
      <field name="rowOff" eval="0"/>
      <field name="cx">1500000</field>
      <field name="cy">1500000</field>
      <field name="description" eval="False"/>
    </record>
    <record id="report_excel_fields_570" model="report.excel.fields">
      <field name="sequence">102</field>
      <field name="cell">F32</field>
      <field name="report_excel_section_id" ref="report_excel_section_59"/>
      <field name="group_by" eval="False"/>
      <field name="aggregate" eval="False"/>
      <field name="aggregate_id" eval="[]"/>
      <field name="having_operator" eval="False"/>
      <field name="having_selection">value</field>
      <field name="having_param_id" eval="[]"/>
      <field name="having_value_type">float</field>
      <field name="having_value_float" eval="0.0"/>
      <field name="having_value_date" eval="False"/>
      <field name="having_value_datetime" eval="False"/>
      <field name="sort_by" eval="False"/>
      <field name="formula" eval="False"/>
      <field name="formulas"># Help with Python expressions 

# The following variables can be used:
#  - uid: is the current user’s database id
#  - user: is the current user’s record
#  - date, datetime, dateutil: useful Python libraries 
#  - param(parameter_code): Report Parameter, for example  param(Parameter1_start_date)
#  - cell(CELL_COORDINATE): Excel Cell of the current Section,  for example  cell(A7) 

# Note: returned value have to be set in the variable 'result' 

# Example of Python code:
# if (cell(A7) == "out_invoice"):
#   result = cell(H7) * -1
# else:
#   result = cell(H7) </field>
      <field name="check_root_model">True</field>
      <field name="root_model_id" model="report.excel.fields" eval="obj().env['ir.model'].search([('model', '=', 'account.move.line')], limit=1).id"/>
      <field name="root_model_name">account.move.line</field>
      <field name="model_field_selector">quantity</field>
      <field name="field_type">float</field>
      <field name="image_bool" eval="False"/>
      <field name="colOff" eval="0"/>
      <field name="rowOff" eval="0"/>
      <field name="cx">1500000</field>
      <field name="cy">1500000</field>
      <field name="description" eval="False"/>
    </record>
    <record id="report_excel_fields_571" model="report.excel.fields">
      <field name="sequence">103</field>
      <field name="cell">G32</field>
      <field name="report_excel_section_id" ref="report_excel_section_59"/>
      <field name="group_by" eval="False"/>
      <field name="aggregate" eval="False"/>
      <field name="aggregate_id" eval="[]"/>
      <field name="having_operator" eval="False"/>
      <field name="having_selection">value</field>
      <field name="having_param_id" eval="[]"/>
      <field name="having_value_type">float</field>
      <field name="having_value_float" eval="0.0"/>
      <field name="having_value_date" eval="False"/>
      <field name="having_value_datetime" eval="False"/>
      <field name="sort_by" eval="False"/>
      <field name="formula" eval="False"/>
      <field name="formulas"># Help with Python expressions 

# The following variables can be used:
#  - uid: is the current user’s database id
#  - user: is the current user’s record
#  - date, datetime, dateutil: useful Python libraries 
#  - param(parameter_code): Report Parameter, for example  param(Parameter1_start_date)
#  - cell(CELL_COORDINATE): Excel Cell of the current Section,  for example  cell(A7) 

# Note: returned value have to be set in the variable 'result' 

# Example of Python code:
# if (cell(A7) == "out_invoice"):
#   result = cell(H7) * -1
# else:
#   result = cell(H7) </field>
      <field name="check_root_model">True</field>
      <field name="root_model_id" model="report.excel.fields" eval="obj().env['ir.model'].search([('model', '=', 'account.move.line')], limit=1).id"/>
      <field name="root_model_name">account.move.line</field>
      <field name="model_field_selector">product_id.hs_code</field>
      <field name="field_type">char</field>
      <field name="image_bool" eval="False"/>
      <field name="colOff" eval="0"/>
      <field name="rowOff" eval="0"/>
      <field name="cx">1500000</field>
      <field name="cy">1500000</field>
      <field name="description" eval="False"/>
    </record>
    <record id="report_excel_fields_572" model="report.excel.fields">
      <field name="sequence">104</field>
      <field name="cell">H32</field>
      <field name="report_excel_section_id" ref="report_excel_section_59"/>
      <field name="group_by" eval="False"/>
      <field name="aggregate" eval="False"/>
      <field name="aggregate_id" eval="[]"/>
      <field name="having_operator" eval="False"/>
      <field name="having_selection">value</field>
      <field name="having_param_id" eval="[]"/>
      <field name="having_value_type">float</field>
      <field name="having_value_float" eval="0.0"/>
      <field name="having_value_date" eval="False"/>
      <field name="having_value_datetime" eval="False"/>
      <field name="sort_by" eval="False"/>
      <field name="formula" eval="False"/>
      <field name="formulas"># Help with Python expressions 

# The following variables can be used:
#  - uid: is the current user’s database id
#  - user: is the current user’s record
#  - date, datetime, dateutil: useful Python libraries 
#  - param(parameter_code): Report Parameter, for example  param(Parameter1_start_date)
#  - cell(CELL_COORDINATE): Excel Cell of the current Section,  for example  cell(A7) 

# Note: returned value have to be set in the variable 'result' 

# Example of Python code:
# if (cell(A7) == "out_invoice"):
#   result = cell(H7) * -1
# else:
#   result = cell(H7) </field>
      <field name="check_root_model">True</field>
      <field name="root_model_id" model="report.excel.fields" eval="obj().env['ir.model'].search([('model', '=', 'account.move.line')], limit=1).id"/>
      <field name="root_model_name">account.move.line</field>
      <field name="model_field_selector">product_uom_id</field>
      <field name="field_type">many2one</field>
      <field name="image_bool" eval="False"/>
      <field name="colOff" eval="0"/>
      <field name="rowOff" eval="0"/>
      <field name="cx">1500000</field>
      <field name="cy">1500000</field>
      <field name="description" eval="False"/>
    </record>
    <record id="report_excel_fields_573" model="report.excel.fields">
      <field name="sequence">105</field>
      <field name="cell">J32</field>
      <field name="report_excel_section_id" ref="report_excel_section_59"/>
      <field name="group_by" eval="False"/>
      <field name="aggregate" eval="False"/>
      <field name="aggregate_id" eval="[]"/>
      <field name="having_operator" eval="False"/>
      <field name="having_selection">value</field>
      <field name="having_param_id" eval="[]"/>
      <field name="having_value_type">float</field>
      <field name="having_value_float" eval="0.0"/>
      <field name="having_value_date" eval="False"/>
      <field name="having_value_datetime" eval="False"/>
      <field name="sort_by" eval="False"/>
      <field name="formula" eval="False"/>
      <field name="formulas"># Help with Python expressions 

# The following variables can be used:
#  - uid: is the current user’s database id
#  - user: is the current user’s record
#  - date, datetime, dateutil: useful Python libraries 
#  - param(parameter_code): Report Parameter, for example  param(Parameter1_start_date)
#  - cell(CELL_COORDINATE): Excel Cell of the current Section,  for example  cell(A7) 

# Note: returned value have to be set in the variable 'result' 

# Example of Python code:
# if (cell(A7) == "out_invoice"):
#   result = cell(H7) * -1
# else:
#   result = cell(H7) </field>
      <field name="check_root_model">True</field>
      <field name="root_model_id" model="report.excel.fields" eval="obj().env['ir.model'].search([('model', '=', 'account.move.line')], limit=1).id"/>
      <field name="root_model_name">account.move.line</field>
      <field name="model_field_selector">price_unit</field>
      <field name="field_type">float</field>
      <field name="image_bool" eval="False"/>
      <field name="colOff" eval="0"/>
      <field name="rowOff" eval="0"/>
      <field name="cx">1500000</field>
      <field name="cy">1500000</field>
      <field name="description" eval="False"/>
    </record>
    <record id="report_excel_fields_574" model="report.excel.fields">
      <field name="sequence">106</field>
      <field name="cell">K32</field>
      <field name="report_excel_section_id" ref="report_excel_section_59"/>
      <field name="group_by" eval="False"/>
      <field name="aggregate" eval="False"/>
      <field name="aggregate_id" eval="[]"/>
      <field name="having_operator" eval="False"/>
      <field name="having_selection">value</field>
      <field name="having_param_id" eval="[]"/>
      <field name="having_value_type">float</field>
      <field name="having_value_float" eval="0.0"/>
      <field name="having_value_date" eval="False"/>
      <field name="having_value_datetime" eval="False"/>
      <field name="sort_by" eval="False"/>
      <field name="formula" eval="False"/>
      <field name="formulas"># Help with Python expressions 

# The following variables can be used:
#  - uid: is the current user’s database id
#  - user: is the current user’s record
#  - date, datetime, dateutil: useful Python libraries 
#  - param(parameter_code): Report Parameter, for example  param(Parameter1_start_date)
#  - cell(CELL_COORDINATE): Excel Cell of the current Section,  for example  cell(A7) 

# Note: returned value have to be set in the variable 'result' 

# Example of Python code:
# if (cell(A7) == "out_invoice"):
#   result = cell(H7) * -1
# else:
#   result = cell(H7) </field>
      <field name="check_root_model">True</field>
      <field name="root_model_id" model="report.excel.fields" eval="obj().env['ir.model'].search([('model', '=', 'account.move.line')], limit=1).id"/>
      <field name="root_model_name">account.move.line</field>
      <field name="model_field_selector">price_subtotal</field>
      <field name="field_type">monetary</field>
      <field name="image_bool" eval="False"/>
      <field name="colOff" eval="0"/>
      <field name="rowOff" eval="0"/>
      <field name="cx">1500000</field>
      <field name="cy">1500000</field>
      <field name="description" eval="False"/>
    </record>
    <record id="report_excel_fields_575" model="report.excel.fields">
      <field name="sequence">107</field>
      <field name="cell">I32</field>
      <field name="report_excel_section_id" ref="report_excel_section_59"/>
      <field name="group_by" eval="False"/>
      <field name="aggregate" eval="False"/>
      <field name="aggregate_id" eval="[]"/>
      <field name="having_operator" eval="False"/>
      <field name="having_selection">value</field>
      <field name="having_param_id" eval="[]"/>
      <field name="having_value_type">float</field>
      <field name="having_value_float" eval="0.0"/>
      <field name="having_value_date" eval="False"/>
      <field name="having_value_datetime" eval="False"/>
      <field name="sort_by" eval="False"/>
      <field name="formula">True</field>
      <field name="formulas">weight = cell(I32) if cell(I32) != "" else 0
result = weight * cell(F32)
</field>
      <field name="check_root_model">True</field>
      <field name="root_model_id" model="report.excel.fields" eval="obj().env['ir.model'].search([('model', '=', 'account.move.line')], limit=1).id"/>
      <field name="root_model_name">account.move.line</field>
      <field name="model_field_selector">product_id.weight</field>
      <field name="field_type">float</field>
      <field name="image_bool" eval="False"/>
      <field name="colOff" eval="0"/>
      <field name="rowOff" eval="0"/>
      <field name="cx">1500000</field>
      <field name="cy">1500000</field>
      <field name="description" eval="False"/>
    </record>
    <record id="report_excel_42_action1" model="ir.actions.act_window">
      <field name="name">Commercial Invoice (XLSX)</field>
      <field name="type">ir.actions.act_window</field>
      <field name="res_model">report_excel_wizard</field>
      <field name="view_mode">form</field>
      <field name="view_id" model="report.excel" eval="obj().env['ir.ui.view'].search([('model', '=', 'report_excel_wizard')]).id"/>
      <field name="target">new</field>
      <field name="context" eval="{'model': 'report.excel', 'id': ref('report_excel_42')}"/>
    </record>
    <record id="report_excel_42" model="report.excel">
      <field name="template_name_id" ref="report_excel_template_attachment_530"/>
    </record>
  </data>
</odoo>
